single_letter_code	three_letter_code	full_name	structure_link    
R	arg	Arginine	https://pubchem.ncbi.nlm.nih.gov/compound/6322
H	his	Histidine	https://pubchem.ncbi.nlm.nih.gov/compound/6274
K	lys	Lysine	https://pubchem.ncbi.nlm.nih.gov/compound/5962
D	asp	Aspartic acid	https://pubchem.ncbi.nlm.nih.gov/compound/5960
E	glu	Glutamic acid	https://pubchem.ncbi.nlm.nih.gov/compound/33032
S	ser	Serine	https://pubchem.ncbi.nlm.nih.gov/compound/5951
T	thr	Threonine	https://pubchem.ncbi.nlm.nih.gov/compound/6288
N	asn	Asparagine	https://pubchem.ncbi.nlm.nih.gov/compound/6267
Q	gln	Glutamine	https://pubchem.ncbi.nlm.nih.gov/compound/5961
C	cys	Cysteine	https://pubchem.ncbi.nlm.nih.gov/compound/5862
G	gly	Glycine	https://pubchem.ncbi.nlm.nih.gov/compound/750
P	pro	Proline	https://pubchem.ncbi.nlm.nih.gov/compound/145742
A	ala	Alanine	https://pubchem.ncbi.nlm.nih.gov/compound/5950
V	val	Valine	https://pubchem.ncbi.nlm.nih.gov/compound/6287
I	ile	Isoleucine	https://pubchem.ncbi.nlm.nih.gov/compound/6306
L	leu	Leucine	https://pubchem.ncbi.nlm.nih.gov/compound/6106
M	met	Methionine	https://pubchem.ncbi.nlm.nih.gov/compound/6137
F	phe	Phenylalanine	https://pubchem.ncbi.nlm.nih.gov/compound/6140
Y	tyr	Tyrosine	https://pubchem.ncbi.nlm.nih.gov/compound/6057
W	trp	Tryptophan	https://pubchem.ncbi.nlm.nih.gov/compound/6305
	aad	2-Aminohexanedioic acid	https://pubchem.ncbi.nlm.nih.gov/compound/469
	abu	L-2-Aminobutyric acid	https://pubchem.ncbi.nlm.nih.gov/compound/80283
	bht	2-Amino-3-hydroxy-3-(4-hydroxyphenyl)propanoic acid	https://pubchem.ncbi.nlm.nih.gov/compound/13309269
	dpg	3,5-Dihydroxyphenylglycine	https://pubchem.ncbi.nlm.nih.gov/compound/108001
	hpg	Oxfenicine	https://pubchem.ncbi.nlm.nih.gov/compound/36143
	orn	L-Ornithine	https://pubchem.ncbi.nlm.nih.gov/compound/6262
	phg	L-Phenylglycine	https://pubchem.ncbi.nlm.nih.gov/compound/99291
	pip	L-Pipecolic acid	https://pubchem.ncbi.nlm.nih.gov/compound/439227
	cit	Citrulline	https://pubchem.ncbi.nlm.nih.gov/compound/9750
	dab	L-2,4-Diaminobutyric acid	https://pubchem.ncbi.nlm.nih.gov/compound/134490
	hty	2-Amino-4-(4-hydroxyphenyl)butanoic Acid	https://pubchem.ncbi.nlm.nih.gov/compound/4153395
	hse	L-Homoserine	https://pubchem.ncbi.nlm.nih.gov/compound/12647
	hrn	hydroxy Ornithine	https://pubchem.ncbi.nlm.nih.gov/compound/N_5_-Hydroxy-L-ornithine
	han	acetyl hydroxy ornithine	https://pubchem.ncbi.nlm.nih.gov/compound/N5-Acetyl-N5-hydroxy-L-ornithine
	dap	2_3-Diaminopropionic-acid	https://pubchem.ncbi.nlm.nih.gov/compound/2_3-Diaminopropionic-acid
	bnd	Beta-hydroxy enduracidine	https://pubchem.ncbi.nlm.nih.gov/substance/242082644
	adh	2-Amino-3,5-dimethyl-4-hexenoic Acid	https://pubchem.ncbi.nlm.nih.gov/compound/2-Amino-3_5-dimethylhex-4-enoic-acid
	dmw	1-(1,1-Dimethylallyl)-L-tryptophan	https://pubchem.ncbi.nlm.nih.gov/compound/22216483
	dhb	dehydrobutyrine	https://pubchem.ncbi.nlm.nih.gov/compound/6449989
	crp	5-chloro tryptophan	https://pubchem.ncbi.nlm.nih.gov/compound/5-Chloro-L-tryptophan
	mha	2-Amino 5-MethylHexanoic Acid	https://pubchem.ncbi.nlm.nih.gov/compound/220783
